{
    "FedAvg_baseline": {
        "test_acc": [
            36.06,
            57.19,
            63.26,
            66.29,
            69.05,
            71.04,
            72.11,
            73.33,
            74.16,
            74.92,
            75.85,
            76.77,
            76.79,
            76.99,
            77.4,
            77.51,
            78.05,
            78.19,
            78.92,
            79.19,
            79.38,
            79.75,
            80.32,
            80.12,
            80.42,
            80.68,
            80.67,
            80.97,
            81.15,
            81.07,
            81.4,
            81.15,
            81.53,
            81.32,
            81.25,
            81.31,
            81.95,
            81.68,
            81.56,
            81.8,
            82.08,
            81.89,
            82.08,
            82.01,
            82.07,
            82.47,
            82.6,
            82.39,
            82.74,
            82.39
        ],
        "test_loss": [
            1.9842157913208007,
            1.3313611097335816,
            1.1278628002166748,
            1.0375781002044677,
            0.9539334462165833,
            0.8977818592071534,
            0.8615959100723266,
            0.8261160404205322,
            0.80844820728302,
            0.773826134300232,
            0.7549051228523255,
            0.7504613010406495,
            0.7425833742141723,
            0.7095042316436767,
            0.7006859464645385,
            0.6854194418907166,
            0.6885877063751221,
            0.6748253227233887,
            0.6621255090713501,
            0.6508910140037537,
            0.6512340908050537,
            0.6365057883262635,
            0.6276907125473022,
            0.6229741037368774,
            0.6170092637062072,
            0.6183719288825988,
            0.6074362655639648,
            0.5946580492019653,
            0.5980114440917969,
            0.5952655319213868,
            0.5896872745513916,
            0.5962831714630127,
            0.5822928581237793,
            0.5840522985458374,
            0.582007618522644,
            0.582244974899292,
            0.5709040572166443,
            0.571140989112854,
            0.5728622980117798,
            0.5643110055923461,
            0.5624191562652587,
            0.5655189487457275,
            0.5590620353698731,
            0.5588822772979737,
            0.5541434365272522,
            0.5538309555053711,
            0.5466425992012024,
            0.5513783430099487,
            0.5434565654754638,
            0.5448141074180604
        ],
        "client_drift": [
            8.366355705261231,
            9.05587911605835,
            9.552969264984132,
            10.033188629150391,
            10.400867557525634,
            10.668265628814698,
            10.980081462860108,
            11.162606334686279,
            11.31074104309082,
            11.41956090927124,
            11.596738052368163,
            11.722619533538818,
            11.829966640472412,
            11.829284763336181,
            11.981214714050292,
            12.006302738189698,
            12.110360527038575,
            12.15373706817627,
            12.182690620422363,
            12.243361663818359,
            12.268177509307861,
            12.328821468353272,
            12.356519603729248,
            12.383253860473634,
            12.397306156158447,
            12.419032382965089,
            12.48740882873535,
            12.49794282913208,
            12.613597106933593,
            12.570698833465576,
            12.642815589904785,
            12.70732765197754,
            12.711816596984864,
            12.64994773864746,
            12.762274646759034,
            12.780728721618653,
            12.794622325897217,
            12.753221035003662,
            12.810812854766846,
            12.8810866355896,
            12.831754970550538,
            12.826660442352296,
            12.872229671478271,
            12.86698865890503,
            12.893673419952393,
            12.927529907226562,
            12.943323707580566,
            12.961402320861817,
            12.925332355499268,
            12.989021968841552
        ],
        "rounds": [
            1,
            2,
            3,
            4,
            5,
            6,
            7,
            8,
            9,
            10,
            11,
            12,
            13,
            14,
            15,
            16,
            17,
            18,
            19,
            20,
            21,
            22,
            23,
            24,
            25,
            26,
            27,
            28,
            29,
            30,
            31,
            32,
            33,
            34,
            35,
            36,
            37,
            38,
            39,
            40,
            41,
            42,
            43,
            44,
            45,
            46,
            47,
            48,
            49,
            50
        ]
    },
    "FedProx_mu0.01": {
        "test_acc": [
            45.24,
            56.79,
            62.49,
            65.6,
            68.2,
            69.92,
            71.64,
            72.62,
            73.67,
            74.42,
            75.16,
            76.07,
            76.28,
            76.69,
            77.22,
            77.49,
            77.54,
            77.95,
            78.2,
            78.77,
            79.06,
            79.29,
            79.58,
            79.82,
            80.12,
            79.79,
            80.27,
            80.31,
            80.51,
            80.85,
            80.84,
            80.64,
            81.06,
            81.4,
            81.26,
            81.78,
            81.52,
            81.51,
            81.66,
            81.58,
            81.98,
            82.09,
            81.7,
            82.21,
            82.23,
            82.29,
            82.69,
            82.37,
            82.35,
            82.76
        ],
        "test_loss": [
            1.9201521232604981,
            1.3474671161651612,
            1.1465838371276855,
            1.0411812406539918,
            0.9766444116592408,
            0.9175866353988648,
            0.8888095216751098,
            0.8556005723953247,
            0.8314457051277161,
            0.8016693563461303,
            0.7819042366027832,
            0.7666338359832764,
            0.7537033353805542,
            0.7292633449554443,
            0.7173026567459106,
            0.7036701647758484,
            0.6978862981796264,
            0.6882997262001037,
            0.6863245414733887,
            0.6652089511871337,
            0.657406048488617,
            0.6561869109153747,
            0.6387896369934082,
            0.6348108922958374,
            0.6279084934234619,
            0.6178303848266602,
            0.6172470536231994,
            0.6125101403236389,
            0.6030886280059814,
            0.6001944895744323,
            0.6030130139350891,
            0.5992414372444153,
            0.5914662017822265,
            0.5864551956176758,
            0.5853965520858765,
            0.5784252334594726,
            0.5762215373039246,
            0.5734023416519165,
            0.5730342066287994,
            0.5668385335922241,
            0.5582504482746125,
            0.5553528513908387,
            0.5574849349975586,
            0.5536558062553406,
            0.552710369682312,
            0.5510788662910462,
            0.5452339842796325,
            0.5525210048675537,
            0.5459283539295197,
            0.5464520694732666
        ],