{
    "FedAvg_baseline": {
        "test_acc": [
            10.0,
            31.46,
            44.84,
            49.53,
            53.51,
            56.55,
            58.74,
            60.48,
            61.24,
            63.17,
            63.26,
            63.92,
            64.52,
            66.28,
            65.72,
            65.9,
            66.63,
            66.52,
            67.1,
            67.44,
            69.2,
            68.16,
            69.04,
            68.7,
            69.61,
            67.88,
            69.86,
            69.08,
            69.86,
            69.89,
            69.48,
            70.75,
            70.41,
            70.63,
            70.89,
            70.72,
            69.96,
            69.72,
            70.69,
            71.25,
            70.68,
            71.21,
            71.58,
            70.86,
            70.89,
            70.9,
            71.25,
            71.06,
            70.88,
            71.36
        ],
        "test_loss": [
            2.275534658050537,
            1.9332980813980103,
            1.6074935606002807,
            1.4372402149200438,
            1.3305147106170654,
            1.2447660724639893,
            1.193950397872925,
            1.1312557683944702,
            1.1050080354690552,
            1.0775030853271483,
            1.060101692199707,
            1.0391812007904053,
            1.029125993537903,
            0.9898174600601196,
            0.9997005701065064,
            0.975045618057251,
            0.9769757255554199,
            0.9647434579849243,
            0.9482205848693848,
            0.9507360523223877,
            0.9228714700698852,
            0.938814094543457,
            0.9207667095184326,
            0.9224746435165405,
            0.9060707702636719,
            0.9347865667343139,
            0.8978149496078491,
            0.9104779516220093,
            0.8889111110687256,
            0.8874688076019287,
            0.8888259489059448,
            0.8728826332092285,
            0.8847835135459899,
            0.8797187288284302,
            0.8690347955703736,
            0.874344647026062,
            0.8812023754119873,
            0.888604202079773,
            0.8588516454696655,
            0.8591096452713013,
            0.8700367132186889,
            0.8575666648864746,
            0.8522261384963989,
            0.857360396194458,
            0.8546126440048217,
            0.8655399165153503,
            0.8497652067184448,
            0.8534720866203308,
            0.8467800830841065,
            0.839331080532074
        ],
        "client_drift": [
            5.698424482345581,
            5.786333513259888,
            5.934542465209961,
            6.059911799430847,
            6.224441027641296,
            6.290082383155823,
            6.40582845211029,
            6.4346147060394285,
            6.551770186424255,
            6.582197809219361,
            6.655762648582458,
            6.701321268081665,
            6.683153700828552,
            6.718713998794556,
            6.798968553543091,
            6.83710207939148,
            6.84401843547821,
            6.906369566917419,
            6.9489455938339235,
            6.922580337524414,
            6.98145318031311,
            7.048953413963318,
            7.022769093513489,
            7.062443995475769,
            7.093190336227417,
            7.098638606071472,
            7.154096055030823,
            7.155872488021851,
            7.139335560798645,
            7.192202234268189,
            7.188705706596375,
            7.2083698272705075,
            7.171976828575135,
            7.1923318862915036,
            7.275604772567749,
            7.214452838897705,
            7.342173099517822,
            7.2837224960327145,
            7.250780868530273,
            7.303477931022644,
            7.354436659812928,
            7.344343805313111,
            7.320256209373474,
            7.283572840690613,
            7.303900170326233,
            7.343570184707642,
            7.308413100242615,
            7.374668455123901,
            7.356463217735291,
            7.363548374176025
        ],
        "rounds": [
            1,
            2,
            3,
            4,
            5,
            6,
            7,
            8,
            9,
            10,
            11,
            12,
            13,
            14,
            15,
            16,
            17,
            18,
            19,
            20,
            21,
            22,
            23,
            24,
            25,
            26,
            27,
            28,
            29,
            30,
            31,
            32,
            33,
            34,
            35,
            36,
            37,
            38,
            39,
            40,
            41,
            42,
            43,
            44,
            45,
            46,
            47,
            48,
            49,
            50
        ]
    },
    "FedProx_mu0.01": {
        "test_acc": [
            11.0,
            28.34,
            39.48,
            47.85,
            50.63,
            55.11,
            56.36,
            58.93,
            60.7,
            61.12,
            61.23,
            62.29,
            64.06,
            64.19,
            64.76,
            65.52,
            65.25,
            65.49,
            66.32,
            67.0,
            68.34,
            68.59,
            68.94,
            68.98,
            69.26,
            69.13,
            70.1,
            69.38,
            70.56,
            69.95,
            70.0,
            69.95,
            71.63,
            72.0,
            71.8,
            72.39,
            70.65,
            71.34,
            71.35,
            71.48,
            72.3,
            71.99,
            72.47,
            72.06,
            72.24,
            73.52,
            72.13,
            71.91,
            72.32,
            72.93
        ],
        "test_loss": [
            2.2451241439819336,
            1.931337689971924,
            1.6698088674545288,
            1.4903296432495117,
            1.3883350887298584,
            1.2758394416809082,
            1.2283150337219237,
            1.1596880937576295,
            1.1159710052490235,
            1.0991854278564452,
            1.075760988998413,
            1.0476723377227783,
            1.0153814413070679,
            1.0071576425552369,
            0.9862336074829101,
            0.9723057928085327,
            0.9670591440200805,
            0.962042883014679,
            0.9421504336357117,
            0.9282181764602662,
            0.917917767238617,
            0.8989303829193115,
            0.8890024082183838,
            0.8759174165725708,
            0.8742398408889771,
            0.8834098682403565,
            0.866335818862915,
            0.8684346574783325,
            0.8343351444244385,
            0.8572264849662781,
            0.8469516962051392,
            0.8505151992797851,
            0.831140415763855,
            0.812544333076477,
            0.8105202596664429,
            0.8010453289031982,
            0.831597682094574,
            0.8268257482528687,
            0.8225812463760376,
            0.8182527258872986,
            0.8119820706367493,
            0.7973568269729614,
            0.7927569131851196,
            0.8075521048545837,
            0.7930916192054749,
            0.7742861791610718,
            0.8076648188591004,
            0.806328112411499,
            0.7975738310813903,
            0.7822483896255493
        ],