{
    "fraction=1.0": {
        "test_acc": [
            31.49,
            57.43,
            63.48,
            66.15,
            68.98,
            70.5,
            71.89,
            73.46,
            74.43,
            75.12,
            75.75,
            76.25,
            77.0,
            76.64,
            77.7,
            78.2,
            78.53,
            78.54,
            79.16,
            79.12,
            79.27,
            79.62,
            79.71,
            80.15,
            80.2,
            80.31,
            80.66,
            80.64,
            80.45,
            80.86,
            81.2,
            81.35,
            81.44,
            81.67,
            81.85,
            81.95,
            81.77,
            82.07,
            82.13,
            82.15,
            81.88,
            81.97,
            82.05,
            81.76,
            82.12,
            82.18,
            82.17,
            82.23,
            82.5,
            82.16
        ],
        "test_loss": [
            2.0140475547790526,
            1.3051728488922119,
            1.1325425235748292,
            1.0374044984817505,
            0.9645194509506225,
            0.9114487011909485,
            0.8714568164825439,
            0.8369959839820862,
            0.8120951663970948,
            0.792538564491272,
            0.7573600145339966,
            0.7371518453598023,
            0.7271653750419617,
            0.7258974752426147,
            0.6932329035758972,
            0.688147084236145,
            0.6722276861190796,
            0.665270754814148,
            0.6567932460784912,
            0.6489118726730346,
            0.6393484854698182,
            0.6358293966293335,
            0.6243210948944092,
            0.6207289923667908,
            0.6206611047744751,
            0.6151511661529541,
            0.5953729836463928,
            0.6074907888412475,
            0.5983599382400513,
            0.589228212070465,
            0.5829422919273376,
            0.5814890645980835,
            0.5780258197784424,
            0.5687670854091644,
            0.5674149186611176,
            0.569510064125061,
            0.5599038951873779,
            0.5697284106254578,
            0.56508726978302,
            0.5641695901870728,
            0.5645308795928955,
            0.5616135231018067,
            0.5514983674049377,
            0.5547389922142029,
            0.5492311263561249,
            0.5549949776649475,
            0.5478973790645599,
            0.5413312704086304,
            0.5469814963817596,
            0.5476510540008545
        ],
        "client_drift": [
            8.439762210845947,
            9.062075138092041,
            9.57806854248047,
            10.072072982788086,
            10.492519569396972,
            10.76960620880127,
            11.04737310409546,
            11.289234161376953,
            11.4194766998291,
            11.617026615142823,
            11.718199253082275,
            11.778594493865967,
            11.930879402160645,
            12.041959953308105,
            12.080638885498047,
            12.147074508666993,
            12.207926273345947,
            12.330379104614257,
            12.386119270324707,
            12.436651992797852,
            12.49879264831543,
            12.506095218658448,
            12.53714714050293,
            12.59788236618042,
            12.608747863769532,
            12.850129890441895,
            12.806196212768555,
            12.77451982498169,
            12.828523921966553,
            12.844403839111328,
            12.787863731384277,
            12.905883598327637,
            12.924291706085205,
            12.930465126037598,
            12.91228952407837,
            13.0133056640625,
            12.984114265441894,
            12.98684482574463,
            13.058682823181153,
            13.068663311004638,
            13.04425687789917,
            13.0950101852417,
            13.117967224121093,
            13.178965759277343,
            13.181026554107666,
            13.131551170349121,
            13.186064338684082,
            13.169520950317382,
            13.207835960388184,
            13.25924596786499
        ],
        "rounds": [
            1,
            2,
            3,
            4,
            5,
            6,
            7,
            8,
            9,
            10,
            11,
            12,
            13,
            14,
            15,
            16,
            17,
            18,
            19,
            20,
            21,
            22,
            23,
            24,
            25,
            26,
            27,
            28,
            29,
            30,
            31,
            32,
            33,
            34,
            35,
            36,
            37,
            38,
            39,
            40,
            41,
            42,
            43,
            44,
            45,
            46,
            47,
            48,
            49,
            50
        ]
    },
    "fraction=0.5": {
        "test_acc": [
            37.69,
            57.79,
            62.98,
            65.88,
            68.14,
            69.54,
            71.09,
            72.1,
            73.43,
            74.03,
            74.32,
            74.8,
            75.86,
            76.19,
            76.02,
            76.83,
            76.99,
            77.26,
            77.74,
            78.2,
            78.59,
            78.42,
            78.83,
            78.88,
            79.48,
            79.03,
            79.57,
            79.58,
            79.48,
            79.29,
            79.7,
            79.59,
            80.13,
            80.19,
            80.37,
            80.79,
            80.87,
            80.89,
            81.01,
            80.47,
            80.74,
            81.0,
            81.43,
            80.81,
            81.13,
            81.14,
            81.26,
            81.11,
            81.24,
            81.16
        ],
        "test_loss": [
            1.937338147354126,
            1.2982767858505249,
            1.1393604440689087,
            1.0522848079681397,
            0.9982459178924561,
            0.944982548046112,
            0.906211590385437,
            0.8720101163864136,
            0.8303200130462647,
            0.8030747856140137,
            0.8181464190483093,
            0.7648632376670838,
            0.747497790145874,
            0.7353863524436951,
            0.7302131630897521,
            0.7254191869735718,
            0.720747865486145,
            0.6944186916351318,
            0.7041653827667236,
            0.6815164389610291,
            0.6717091526031495,
            0.6688683877944946,
            0.6615514580726624,
            0.6555089977264404,
            0.6391683840751647,
            0.6538939403533935,
            0.6413862529754639,
            0.638618690109253,
            0.6358872295379638,
            0.632929686164856,
            0.6290679893493653,
            0.6294559343338013,
            0.6158142095565796,
            0.618934818649292,
            0.6083113596916199,
            0.6131974843025207,
            0.5962405345916748,
            0.5956236993789673,
            0.587730326461792,
            0.6051984327316284,
            0.5991273668289184,
            0.5834565383911133,
            0.5837619005203247,
            0.5844411914825439,
            0.5870738985538483,
            0.5901004706382752,
            0.5853883354187012,
            0.5808146883010864,
            0.5859111228942872,
            0.5727845827579499
        ],